<?xml version="1.0" encoding="UTF-8"?><metadata>
    <idinfo>
        <citation>
            <citeinfo>
                <origin/>
                <pubdate>20100101</pubdate>
                <title>2010 Census Urban Areas</title>
                <edition>2010</edition>
                <geoform>vector digital data</geoform>
                <onlink>http://www.nconemap.com</onlink>
            </citeinfo>
        </citation>
        <descript>
            <abstract>The TIGER/Line Files are shapefiles and related database files (.dbf) that are an extract of selected geographic and cartographic information from the U.S. Census Bureau's Master Address File / Topologically Integrated Geographic Encoding and Referencing (MAF/TIGER) Database (MTDB). The MTDB represents a seamless national file with no overlaps or gaps between parts, however, each TIGER/Line File is designed to stand alone as an independent data set, or they can be combined to cover the entire nation. After each decennial census, the Census Bureau delineates urban areas that represent densely developed territory, encompassing residential, commercial, and other nonresidential urban land uses. In general, this territory consists of areas of high population density and urban land use resulting in a representation of the "urban footprint." There are two types of urban areas: urbanized areas (UAs) that contain 50,000 or more people and urban clusters (UCs) that contain at least 2,500 people, but fewer than 50,000 people (except in the U.S. Virgin Islands and Guam which each contain urban clusters with populations greater than 50,000). Each urban area is identified by a 5-character numeric census code that may contain leading zeroes.</abstract>
            <purpose>In order for others to use the information in the Census MAF/TIGER database in a geographic information system (GIS) or for other geographic applications, the Census Bureau releases to the public extracts of the database in the form of TIGER/Line Shapefiles.</purpose>
        </descript>
        <timeperd>
            <timeinfo>
                <rngdates>
                    <begdate>20110301</begdate>
                    <enddate>20111201</enddate>
                </rngdates>
            </timeinfo>
            <current>Publication Date</current>
        </timeperd>
        <status>
            <progress>Complete</progress>
            <update>None planned</update>
        </status>
        <spdom>
            <bounding>
                <westbc>-84.421925</westbc>
                <eastbc>-75.416567</eastbc>
                <northbc>36.617518</northbc>
                <southbc>33.723370</southbc>
            </bounding>
        </spdom>
        <keywords>
            <theme>
                <themekt>ISO 19115 Topic Categories</themekt>
                <themekey>boundaries</themekey>
            </theme>
            <theme>
                <themekt>None</themekt>
                <themekey>Urbanized Areas</themekey>
                <themekey>Urban Area</themekey>
                <themekey>UA</themekey>
                <themekey>UC</themekey>
                <themekey>Urban Cluster</themekey>
            </theme>
            <place>
                <placekt>ANSI INCITS 38:2009 (Formerly FIPS 5-2), ANSI INCITS 31:2009 (Formerly FIPS 6-4),ANSI INCITS 454:2009 (Formerly FIPS 8-6), ANSI INCITS 455:2009(Formerly FIPS 9-1), ANSI INCITS 446:2008 (Geographic Names Information System (GNIS))</placekt>
                <placekey>U.S.</placekey>
                <placekey>United States</placekey>
            </place>
        </keywords>
        <accconst>None</accconst>
        <useconst>https://www.nconemap.gov/pages/terms</useconst>
        <ptcontac>
            <cntinfo>
                <cntorgp>
                    <cntorg>U.S. Department of Commerce, U.S. Census Bureau, Geography Division, Geographic Products Branch</cntorg>
                </cntorgp>
                <cntaddr>
                    <addrtype>mailing</addrtype>
                    <address>4600 Silver Hill Road, Stop 7400</address>
                    <city>Washington</city>
                    <state>DC</state>
                    <postal>20233-7400</postal>
                    <country>US</country>
                </cntaddr>
                <cntvoice>301-763-1128</cntvoice>
                <cntfax>301-763-4710</cntfax>
                <cntemail>geo.tiger@census.gov</cntemail>
            </cntinfo>
        </ptcontac>
        <native>Esri ArcGIS 12.8.0.29751</native>
    </idinfo>
    <dataqual>
        <attracc>
            <attraccr>Accurate against Federal Information Processing Standards (FIPS), FIPS Publication 6-4, and FIPS-55 at the 100% level for the codes and base names. The remaining attribute information has been examined but has not been fully tested for accuracy.</attraccr>
        </attracc>
        <logic>The Census Bureau performed automated tests to ensure logical consistency and limits of shapefiles. Segments making up the outer and inner boundaries of a polygon tie end-to-end to completely enclose the area. All polygons are tested for closure. The Census Bureau uses its internally developed geographic update system to enhance and modify spatial and attribute data in the Census MAF/TIGER database. Standard geographic codes, such as FIPS codes for states, counties, municipalities, county subdivisions, places, American Indian/Alaska Native/Native Hawaiian areas, and congressional districts are used when encoding spatial entities. The Census Bureau performed spatial data tests for logical consistency of the codes during the compilation of the original Census MAF/TIGER database files. Most of the codes for geographic entities except states, counties, urban areas, Core Based Statistical Areas (CBSAs), American Indian Areas (AIAs), and congressional districts were provided to the Census Bureau by the USGS, the agency responsible for maintaining FIPS 55. Feature attribute information has been examined but has not been fully tested for consistency. For the TIGER/Line Shapefiles, the Point and Vector Object Count for the G-polygon SDTS Point and Vector Object Type reflects the number of records in the shapefile attribute table. For multi-polygon features, only one attribute record exists for each multi-polygon rather than one attribute record per individual G-polygon component of the multi-polygon feature. TIGER/Line Shapefile multi-polygons are an exception to the G-polygon object type classification. Therefore, when multi-polygons exist in a shapefile, the object count will be less than the actual number of G-polygons.</logic>
        <complete>Data completeness of the TIGER/Line Shapefiles reflects the contents of the Census MAF/TIGER database at the time the TIGER/Line Shapefiles were created.</complete>
        <lineage>
            <srcinfo>
                <srccite>
                    <citeinfo>
                        <origin/>
                        <pubdate>unpublished material</pubdate>
                        <title>Census MAF/TIGER database</title>
                    </citeinfo>
                </srccite>
                <typesrc>onLine</typesrc>
                <srctime>
                    <timeinfo>
                        <rngdates>
                            <begdate>20110301</begdate>
                            <enddate>20111201</enddate>
                        </rngdates>
                    </timeinfo>
                    <srccurr>Publication Date</srccurr>
                </srctime>
                <srccitea>MAF/TIGER</srccitea>
                <srccontr>The selected geographic and cartographic information (line segments) are derived from the U.S. Census Bureau's Master Address File Topologically Integrated Geographic Encoding and Referencing (MAF/TIGER) database.</srccontr>
            </srcinfo>
            <procstep>
                <procdesc>TIGER/Line Shapefiles are extracted from the Census MAF/TIGER database by nation, state, county, and entity. Census MAF/TIGER data for all of the aforementioned geographic entities are then distributed among the shapefiles each containing attributes for line, polygon, or landmark geographic data.</procdesc>
                <srcused>Census MAF/TIGER</srcused>
                <procdate>20100101</procdate>
            </procstep>
        </lineage>
    </dataqual>
    <spdoinfo>
        <indspref>_Method: Urban Area</indspref>
        <direct>Vector</direct>
        <ptvctinf>
            <sdtsterm>
                <sdtstype>GT-polygon composed of chains</sdtstype>
                <ptvctcnt>0</ptvctcnt>
            </sdtsterm>
        </ptvctinf>
    </spdoinfo>
    <eainfo>
        <detailed>
            <enttyp>
                <enttypl>UAC10.shp</enttypl>
                <enttypd>2010 Census Urban Area National</enttypd>
                <enttypds>U.S. Census Bureau</enttypds>
            </enttyp>
            <attr>
                <attrlabl>OBJECTID</attrlabl>
                <attrdef>Internal feature number.</attrdef>
                <attrdefs>ESRI</attrdefs>
                <attrdomv>
                                        
                    
                    <udom>Sequential unique whole numbers that are automatically generated.</udom>
                                        
                
                </attrdomv>
            </attr>
            <attr>
                <attrlabl>Shape</attrlabl>
                <attrdef>Feature geometry.</attrdef>
                <attrdefs>ESRI</attrdefs>
                <attrdomv>
                                        
                    
                    <udom>Coordinates defining the features.</udom>
                                        
                
                </attrdomv>
            </attr>
            <attr>
                <attrlabl>UACE10</attrlabl>
                <attrdef>2010 Census urban area code</attrdef>
                <attrdefs>U.S. Census Bureau</attrdefs>
                <attrdomv>
                                        
                    
                    <edom>
                                                
                        
                        <edomv>00001 to 98999</edomv>
                                                
                        
                        <edomvd>Urban Area Code</edomvd>
                                                
                        
                        <edomvds>U.S. Census Bureau</edomvds>
                                                
                    
                    </edom>
                                        
                
                </attrdomv>
            </attr>
            <attr>
                <attrlabl>GEOID10</attrlabl>
                <attrdef>Urban area identifier, a concatenation of Current state Federal Information Processing Standards (FIPS) code and urban area code</attrdef>
                <attrdefs>U.S. Census Bureau</attrdefs>
                <attrdomv>
                                        
                    
                    <codesetd>
                                                
                        
                        <codesetn>INCITS.38-200x (R2004), Codes for the Identification of the States, the District of Columbia, Puerto Rico, and the Insular Areas of the United States (Formerly FIPS 5-2), The urban area code that appears in UACE10</codesetn>
                                                
                        
                        <codesets>U.S. Census Bureau</codesets>
                                                
                    
                    </codesetd>
                                        
                
                </attrdomv>
            </attr>
            <attr>
                <attrlabl>NAME10</attrlabl>
                <attrdef>2010 Census urban area name</attrdef>
                <attrdefs>U.S. Census Bureau</attrdefs>
                <attrdomv>
                                        
                    
                    <codesetd>
                                                
                        
                        <codesetn>Refer to the online Census 2000 Urbanized Area and Urban Cluster information at URL: http://www.census.gov/geo/www/ua/ua_2k.html</codesetn>
                                                
                        
                        <codesets>U.S. Census Bureau</codesets>
                                                
                    
                    </codesetd>
                                        
                
                </attrdomv>
            </attr>
            <attr>
                <attrlabl>NAMELSAD10</attrlabl>
                <attrdef>2010 Census name and the translated legal/statistical area description for urban area</attrdef>
                <attrdefs>U.S. Census Bureau</attrdefs>
                <attrdomv>
                                        
                    
                    <codesetd>
                                                
                        
                        <codesetn>Refer to the online Census 2000 Urbanized Area and Urban Cluster information at URL http://www.census.gov/geo/www/ua/ua_2k.html and the translated legal/statistical area description code for urban area that appears in LSAD10</codesetn>
                                                
                        
                        <codesets>U.S. Census Bureau</codesets>
                                                
                    
                    </codesetd>
                                        
                
                </attrdomv>
            </attr>
            <attr>
                <attrlabl>LSAD10</attrlabl>
                <attrdef>2010 Census legal/statistical area description code for urban area</attrdef>
                <attrdefs>U.S. Census Bureau</attrdefs>
                <attrdomv>
                                        
                    
                    <edom>
                                                
                        
                        <edomv>75</edomv>
                                                
                        
                        <edomvd>Urbanized Area</edomvd>
                                                
                        
                        <edomvds>U.S. Census Bureau</edomvds>
                                                
                    
                    </edom>
                                        
                
                </attrdomv>
                <attrdomv>
                                        
                    
                    <edom>
                                                
                        
                        <edomv>76</edomv>
                                                
                        
                        <edomvd>Urban Cluster</edomvd>
                                                
                        
                        <edomvds>U.S. Census Bureau</edomvds>
                                                
                    
                    </edom>
                                        
                
                </attrdomv>
            </attr>
            <attr>
                <attrlabl>MTFCC10</attrlabl>
                <attrdef>MAF/TIGER feature class code</attrdef>
                <attrdefs>U.S. Census Bureau</attrdefs>
                <attrdomv>
                                        
                    
                    <edom>
                                                
                        
                        <edomv>G3500</edomv>
                                                
                        
                        <edomvd>Urban Area</edomvd>
                                                
                        
                        <edomvds>U.S. Census Bureau</edomvds>
                                                
                    
                    </edom>
                                        
                
                </attrdomv>
            </attr>
            <attr>
                <attrlabl>UATYP10</attrlabl>
                <attrdef>2010 Census urban area type</attrdef>
                <attrdefs>U.S. Census Bureau</attrdefs>
                <attrdomv>
                                        
                    
                    <edom>
                                                
                        
                        <edomv>U</edomv>
                                                
                        
                        <edomvd>Urbanized Area (suffix)</edomvd>
                                                
                        
                        <edomvds>U.S. Census Bureau</edomvds>
                                                
                    
                    </edom>
                                        
                
                </attrdomv>
                <attrdomv>
                                        
                    
                    <edom>
                                                
                        
                        <edomv>C</edomv>
                                                
                        
                        <edomvd>Urban Cluster (suffix)</edomvd>
                                                
                        
                        <edomvds>U.S. Census Bureau</edomvds>
                                                
                    
                    </edom>
                                        
                
                </attrdomv>
            </attr>
            <attr>
                <attrlabl>FUNCSTAT10</attrlabl>
                <attrdef>2010 Census functional status</attrdef>
                <attrdefs>U.S. Census Bureau</attrdefs>
                <attrdomv>
                                        
                    
                    <edom>
                                                
                        
                        <edomv>S</edomv>
                                                
                        
                        <edomvd>Statistical entity</edomvd>
                                                
                        
                        <edomvds>U.S. Census Bureau</edomvds>
                                                
                    
                    </edom>
                                        
                
                </attrdomv>
            </attr>
            <attr>
                <attrlabl>ALAND10</attrlabl>
                <attrdef>2010 Census land area (square meters)</attrdef>
                <attrdefs>U.S. Census Bureau</attrdefs>
                <attrdomv>
                                        
                    
                    <edom>
                                                
                        
                        <edomv>0 to 9,999,999,999,999</edomv>
                                                
                        
                        <edomvd>Blank</edomvd>
                                                
                        
                        <edomvds>U.S. Census Bureau</edomvds>
                                                
                    
                    </edom>
                                        
                
                </attrdomv>
            </attr>
            <attr>
                <attrlabl>AWATER10</attrlabl>
                <attrdef>2010 Census water area (square meters)</attrdef>
                <attrdefs>U.S. Census Bureau</attrdefs>
                <attrdomv>
                                        
                    
                    <edom>
                                                
                        
                        <edomv>0 to 9,999,999,999,999</edomv>
                                                
                        
                        <edomvd>Blank</edomvd>
                                                
                        
                        <edomvds>U.S. Census Bureau</edomvds>
                                                
                    
                    </edom>
                                        
                
                </attrdomv>
            </attr>
            <attr>
                <attrlabl>INTPTLAT10</attrlabl>
                <attrdef>2010 Census latitude of the internal point</attrdef>
                <attrdefs>U.S. Census Bureau</attrdefs>
                <attrdomv>
                                        
                    
                    <edom>
                                                
                        
                        <edomv>00</edomv>
                                                
                        
                        <edomvd>Blank</edomvd>
                                                
                        
                        <edomvds>U.S. Census Bureau</edomvds>
                                                
                    
                    </edom>
                                        
                
                </attrdomv>
            </attr>
            <attr>
                <attrlabl>INTPTLON10</attrlabl>
                <attrdef>2010 Census longitude of the internal point</attrdef>
                <attrdefs>U.S. Census Bureau</attrdefs>
                <attrdomv>
                                        
                    
                    <edom>
                                                
                        
                        <edomv>00</edomv>
                                                
                        
                        <edomvd>Blank</edomvd>
                                                
                        
                        <edomvds>U.S. Census Bureau</edomvds>
                                                
                    
                    </edom>
                                        
                
                </attrdomv>
            </attr>
            <attr>
                <attrlabl>st_area(shape)</attrlabl>
            </attr>
            <attr>
                <attrlabl>st_perimeter(shape)</attrlabl>
            </attr>
        </detailed>
    </eainfo>
    <distinfo>
        <distrib>
            <cntinfo>
                <cntorgp>
                    <cntorg>NC Center for Geographic Information and Analysis</cntorg>
                </cntorgp>
                <cntpos>Database Administration</cntpos>
                <cntvoice>919-754-6580</cntvoice>
                <cntfax>919-715-8551</cntfax>
                <hours>8:30AM - 5:30PM</hours>
                <cntinst>Phone and electronic mail preferred</cntinst>
            </cntinfo>
        </distrib>
        <distliab>NCCGIA is charged with the development and maintenance of NC OneMap and, in cooperation with other mapping organizations, is committed to offering its users accurate, useful, and current information. Although every effort has been made to ensure the accuracy of information, errors and conditions originating from physical sources used to develop this dataset may be reflected in the data supplied. The user must be aware of possible conditions and bear responsibility for the appropriate use of the information with respect to possible errors, original map scale, collection methodology, currency of data, and other conditions specific to certain data. NCCGIA does not support secondary distribution of this dataset without its current, compliant metadata record. The use of trade names or commercial products does not constitute their endorsement by NCCGIA or North Carolina State Government. No warranty, expressed or implied is made with regard to the accuracy of these data, and no liability is assumed by the U.S. Government in general or the U.S. Census Bureau in specific as to the spatial or attribute accuracy of the data. The act of distribution shall not constitute any such warranty and no responsibility is assumed by the U.S. government in the use of these files. The boundary information in the TIGER/Line Shapefiles is for statistical data collection and tabulation purposes only; their depiction and designation for statistical purposes do not constitute a determination of jurisdictional authority or rights of ownership or entitlement and they are not legal land descriptions.</distliab>
        <stdorder>
            <digform>
                <digtinfo>
                    <formname>ESRI shapefile (*.shp)</formname>
                </digtinfo>
                <digtopt/>
            </digform>
            <fees>None. Download from www.nconemap.com is free of charge.</fees>
        </stdorder>
    </distinfo>
    <metainfo>
        <metd>20220523</metd>
        <metc>
            <cntinfo>
                <cntorgp>
                    <cntorg>North Carolina Center for Geographic Information and Analysis</cntorg>
                    <cntper>David Giordano</cntper>
                </cntorgp>
                <cntpos>Database Administration</cntpos>
                <cntvoice>919-754-6580</cntvoice>
                <cntfax>919-715-8551</cntfax>
                <hours>8am to 5pm</hours>
                <cntinst>Phone and electronic mail preferred</cntinst>
            </cntinfo>
        </metc>
        <metstdn>FGDC Content Standard for Digital Geospatial Metadata</metstdn>
        <metstdv>FGDC-STD-001-1998</metstdv>
        <mettc>local time</mettc>
        <metuc>This metadata file is to accompany the dataset. NCCGIA does not support secondary distribution of this dataset without its current, compliant metadata record. If the dataset described in this metadata record was received from anyone besides NCCGIA, this metadata and the dataset it describes may contain discrepancies.</metuc>
    </metainfo>
</metadata>
